{"speed_kmh":50.000000,"outside_temp_c":25.000000,"cabin_temp_c":24.000000,"battery_level_percent":31.520000}